wall_time,step,value
1759805170.649631,1,-122.94668579101562
1759805170.8766055,2,-116.9350814819336
1759805171.077455,3,-108.4111328125
1759805171.3468225,4,-133.09226989746094
1759805171.5545647,5,-168.54461669921875
1759805171.7491362,6,-158.56495666503906
1759805171.9628847,7,-153.41213989257812
1759805172.1554928,8,-156.5211944580078
1759805172.3637054,9,-182.02272033691406
1759805172.5818012,10,-183.9515838623047
1759805172.8061795,11,-193.88047790527344
1759805173.0557327,12,-187.65228271484375
1759805173.2948456,13,-182.896484375
1759805173.5306559,14,-186.89634704589844
1759805173.728774,15,-193.04074096679688
1759805173.9298732,16,-201.15956115722656
1759805174.1313033,17,-202.17544555664062
1759805174.3430407,18,-207.12559509277344
1759805174.53957,19,-201.90599060058594
1759805174.707374,20,-205.9784393310547
1759805174.899687,21,-205.23196411132812
1759805175.1229916,22,-205.1354522705078
1759805175.3451545,23,-203.44154357910156
1759805175.5364962,24,-201.6690216064453
1759805175.7415378,25,-197.9271240234375
1759805175.9487166,26,-199.64170837402344
1759805176.1388087,27,-201.99581909179688
1759805176.3553908,28,-203.1759490966797
1759805176.5688899,29,-201.50900268554688
1759805176.8152037,30,-198.6895294189453
1759805177.0468132,31,-195.5059356689453
1759805177.312342,32,-195.42782592773438
1759805177.5200968,33,-195.33694458007812
1759805177.757323,34,-192.1514892578125
1759805178.014398,35,-188.50405883789062
1759805178.2337968,36,-193.29843139648438
1759805178.4598505,37,-195.60220336914062
1759805178.6691859,38,-196.83067321777344
1759805178.9190931,39,-194.74717712402344
1759805179.1571407,40,-194.85069274902344
1759805179.3977656,41,-192.99179077148438
1759805179.719088,42,-190.12965393066406
1759805179.9485831,43,-188.2092742919922
1759805180.2089994,44,-183.5279541015625
1759805180.4683883,45,-181.22645568847656
1759805180.668914,46,-178.84710693359375
1759805180.895676,47,-182.53219604492188
1759805181.141481,48,-180.64306640625
1759805181.4331915,49,-178.87905883789062
1759805181.6401901,50,-178.06239318847656
1759805181.8790152,51,-178.0537567138672
1759805182.1389225,52,-178.27391052246094
1759805182.3609018,53,-183.01771545410156
1759805182.5998142,54,-180.9259033203125
1759805182.843092,55,-182.40554809570312
1759805183.0813923,56,-180.480224609375
1759805183.3164592,57,-180.62493896484375
1759805183.5650272,58,-179.01979064941406
1759805183.7975106,59,-177.6981964111328
1759805184.0352292,60,-175.96090698242188
1759805184.2776253,61,-174.6923828125
1759805184.5254016,62,-173.39501953125
1759805184.7754138,63,-172.34231567382812
1759805184.9986074,64,-171.99221801757812
1759805185.2831228,65,-170.4779815673828
1759805185.5322237,66,-169.42703247070312
1759805185.7729266,67,-169.204345703125
1759805186.045668,68,-167.41990661621094
1759805186.3094378,69,-167.50511169433594
1759805186.5483367,70,-166.81149291992188
1759805186.7778115,71,-165.9868621826172
1759805187.101992,72,-166.6145782470703
1759805187.4884284,73,-164.72476196289062
1759805187.759066,74,-163.35818481445312
1759805188.0605228,75,-162.8019256591797
1759805188.4077823,76,-162.21630859375
1759805188.7175384,77,-161.36854553222656
1759805188.9890518,78,-162.7003936767578
1759805189.2598848,79,-161.60910034179688
1759805189.570035,80,-160.96327209472656
1759805190.0433626,81,-160.0008087158203
1759805190.3346822,82,-157.68238830566406
1759805190.6166282,83,-156.6395721435547
1759805190.8594353,84,-155.3473358154297
1759805191.1191158,85,-154.65548706054688
1759805191.3576143,86,-153.98477172851562
1759805191.6700222,87,-152.92718505859375
1759805191.9301736,88,-152.50460815429688
1759805192.1952667,89,-152.09417724609375
1759805192.510557,90,-151.7978973388672
1759805192.8198607,91,-150.28163146972656
1759805193.1914518,92,-149.5447540283203
1759805193.5160205,93,-148.73951721191406
1759805193.9068375,94,-148.33694458007812
1759805194.2344472,95,-147.7189178466797
1759805194.6222966,96,-146.4888153076172
1759805194.945239,97,-145.57835388183594
1759805195.243902,98,-145.44863891601562
1759805195.540903,99,-144.75941467285156
1759805195.8399074,100,-143.940673828125
1759805196.1181743,101,-143.64236450195312
1759805196.5195096,102,-143.07325744628906
1759805196.8268664,103,-142.34373474121094
1759805197.1580145,104,-140.3233184814453
1759805197.459134,105,-137.56178283691406
1759805197.7494576,106,-137.26763916015625
1759805198.0741904,107,-136.64219665527344
1759805198.3756082,108,-135.6874542236328
1759805199.0921085,109,-133.76133728027344
1759805199.4057488,110,-132.6332550048828
1759805199.7553947,111,-130.34552001953125
1759805200.0494113,112,-129.4603271484375
1759805200.5004303,113,-129.5764617919922
1759805200.9123244,114,-127.79769897460938
1759805201.143037,115,-125.71366882324219
1759805201.4060762,116,-123.37895202636719
1759805201.8114667,117,-121.64850616455078
1759805202.1632893,118,-119.3573226928711
1759805202.4007018,119,-119.41342163085938
1759805202.8717253,120,-116.9701156616211
1759805203.1633248,121,-115.61262512207031
1759805203.4287086,122,-114.06521606445312
1759805203.8651528,123,-112.21300506591797
1759805204.2116845,124,-110.64521026611328
1759805204.4961827,125,-110.24105072021484
1759805204.8473856,126,-108.24224853515625
1759805205.297507,127,-105.83699035644531
1759805205.891308,128,-103.92578125
1759805206.139474,129,-103.14524841308594
1759805206.3968835,130,-102.69400024414062
1759805206.8704946,131,-101.9192886352539
1759805207.398485,132,-101.08381652832031
1759805207.7450123,133,-99.3877182006836
1759805208.1230514,134,-98.49474334716797
1759805208.3300483,135,-98.59199523925781
1759805208.6595821,136,-95.14752197265625
1759805208.9892035,137,-92.15113067626953
1759805209.4941838,138,-90.22591400146484
1759805209.8352036,139,-89.31481170654297
1759805210.2451463,140,-87.125
1759805210.7196949,141,-86.41500854492188
1759805211.1003997,142,-86.12732696533203
1759805211.331376,143,-85.73955535888672
1759805211.6561482,144,-86.51697540283203
1759805212.0558012,145,-85.48455810546875
1759805212.4744604,146,-85.09469604492188
1759805212.7760572,147,-82.2280502319336
1759805213.3306556,148,-81.95068359375
1759805213.6248827,149,-81.88267517089844
1759805213.8933768,150,-80.86639404296875
1759805214.2440085,151,-79.51766204833984
1759805214.719209,152,-77.81290435791016
1759805215.0416505,153,-73.6384506225586
1759805215.8117807,154,-73.21572875976562
1759805216.0817015,155,-70.71465301513672
1759805216.5815756,156,-72.01785278320312
1759805217.0569935,157,-70.49663543701172
1759805217.5993993,158,-69.80003356933594
1759805218.0467227,159,-69.17154693603516
1759805218.589936,160,-69.43916320800781
1759805218.861735,161,-68.61419677734375
1759805219.3803952,162,-68.217041015625
1759805219.8721244,163,-67.69023132324219
1759805220.3311536,164,-66.02970123291016
1759805221.104074,165,-66.29085540771484
1759805221.473911,166,-66.01651000976562
1759805221.7809567,167,-64.43960571289062
1759805222.0704334,168,-64.15422058105469
1759805222.4985485,169,-62.786643981933594
1759805222.8438914,170,-61.76898193359375
1759805223.432968,171,-60.821632385253906
1759805223.9340067,172,-59.04100036621094
1759805224.642829,173,-58.763790130615234
1759805225.271707,174,-58.89284896850586
1759805225.9354699,175,-57.99089813232422
1759805226.5197473,176,-56.894832611083984
1759805227.0997698,177,-56.233848571777344
1759805227.726728,178,-54.37676239013672
1759805228.4081886,179,-54.21550369262695
1759805228.8807669,180,-52.99369430541992
1759805229.3300426,181,-52.136924743652344
1759805229.683557,182,-52.552188873291016
1759805230.1073594,183,-51.467994689941406
1759805230.7587059,184,-51.682861328125
1759805231.4299648,185,-50.80790710449219
1759805231.9170706,186,-49.8214111328125
1759805232.3091352,187,-49.48994064331055
1759805233.0891283,188,-48.581764221191406
1759805233.8873203,189,-47.597721099853516
1759805234.661008,190,-46.90806579589844
1759805235.7368305,191,-49.38457107543945
1759805236.369712,192,-49.44850540161133
1759805236.8656933,193,-49.04302215576172
1759805237.8234744,194,-50.2696418762207
1759805238.288375,195,-49.614166259765625
1759805238.9554274,196,-51.7334098815918
1759805239.2506428,197,-51.68735122680664
1759805239.9100544,198,-50.31689453125
1759805240.415405,199,-49.85129165649414
1759805240.7922394,200,-49.5699577331543
1759805241.4051092,201,-48.72195053100586
1759805243.3758774,202,-48.77109909057617
1759805244.3073802,203,-51.100765228271484
1759805246.2663662,204,-51.158294677734375
1759805246.9730392,205,-50.665645599365234
1759805247.5652773,206,-50.147579193115234
1759805248.2057536,207,-50.168582916259766
1759805250.167474,208,-49.271915435791016
1759805250.689683,209,-47.763736724853516
1759805251.707249,210,-49.48505783081055
1759805253.673032,211,-48.70895767211914
1759805254.39414,212,-48.85018539428711
1759805256.3587654,213,-47.43657684326172
1759805256.737784,214,-46.702640533447266
1759805257.5326245,215,-46.30517578125
1759805259.4969373,216,-45.512794494628906
1759805261.4629865,217,-45.17684555053711
1759805262.2371714,218,-45.10062789916992
1759805264.2102907,219,-44.95725631713867
1759805264.4652054,220,-44.767967224121094
1759805265.2003484,221,-44.473270416259766
1759805267.179456,222,-44.10717010498047
1759805267.9318733,223,-45.2183837890625
1759805269.9131126,224,-44.98842239379883
1759805270.6601367,225,-45.03854751586914
1759805271.3522666,226,-44.64176559448242
1759805271.9467504,227,-44.40267562866211
1759805272.57401,228,-44.01849365234375
1759805274.8977568,229,-43.468109130859375
1759805275.5871084,230,-43.048744201660156
1759805277.6131487,231,-42.834930419921875
1759805279.5836153,232,-43.307552337646484
1759805281.6208246,233,-43.08310317993164
1759805283.6617253,234,-43.55707550048828
1759805285.7033603,235,-42.562782287597656
1759805287.75026,236,-42.343318939208984
1759805289.8065085,237,-42.45863723754883
1759805290.6664765,238,-42.593910217285156
1759805292.700033,239,-42.34626770019531
1759805294.74187,240,-42.82984161376953
1759805295.6351826,241,-43.28352355957031
1759805297.6792932,242,-43.085636138916016
1759805299.7202983,243,-42.25644302368164
1759805301.764145,244,-41.840843200683594
1759805303.8179963,245,-41.377750396728516
1759805305.861894,246,-41.05205154418945
1759805307.9045246,247,-40.233642578125
1759805309.961966,248,-39.158145904541016
1759805312.00693,249,-38.74311828613281
1759805312.9254277,250,-39.05951690673828
1759805313.8263516,251,-39.83527755737305
1759805316.009683,252,-40.03498840332031
1759805318.5570288,253,-39.694400787353516
1759805319.4263303,254,-40.354042053222656
1759805321.5232332,255,-39.84947204589844
1759805323.6184943,256,-37.65702438354492
1759805323.903663,257,-37.26408004760742
1759805326.0136063,258,-37.547950744628906
1759805326.604115,259,-37.61769485473633
1759805328.7116444,260,-36.916831970214844
1759805329.5680287,261,-40.870243072509766
1759805331.6865802,262,-40.034175872802734
1759805332.7887292,263,-44.99605178833008
1759805333.6146693,264,-46.53458786010742
1759805334.5923674,265,-46.370826721191406
1759805336.7020223,266,-45.18185806274414
1759805338.8161204,267,-44.891929626464844
1759805340.9263303,268,-44.5986328125
1759805343.0447283,269,-43.97048568725586
1759805345.1602726,270,-43.624961853027344
1759805346.693947,271,-49.350990295410156
1759805347.05264,272,-57.80201721191406
1759805347.3508124,273,-58.881507873535156
1759805348.0380206,274,-60.779930114746094
1759805348.2937367,275,-62.64414978027344
1759805348.5840716,276,-63.212730407714844
1759805349.1596684,277,-63.50504684448242
1759805349.76396,278,-63.24674987792969
1759805351.896603,279,-61.75935745239258
1759805352.819783,280,-63.475955963134766
1759805353.2897882,281,-64.26595306396484
1759805354.0794892,282,-65.88087463378906
1759805354.616742,283,-66.6048583984375
1759805355.1688597,284,-66.55614471435547
1759805356.0624933,285,-67.610595703125
1759805356.5426042,286,-68.34412384033203
1759805358.6698074,287,-68.06405639648438
1759805359.4422977,288,-68.77268981933594
1759805359.8997846,289,-69.29061126708984
1759805360.4596858,290,-70.0347671508789
1759805363.5184095,291,-66.88053894042969
1759805365.6995237,292,-65.81491088867188
1759805367.8895206,293,-65.2205581665039
1759805368.8214743,294,-66.68772888183594
1759805369.165618,295,-67.48507690429688
1759805371.3756459,296,-64.66345977783203
1759805373.5622673,297,-63.3320198059082
1759805374.58472,298,-64.06642150878906
1759805375.1893437,299,-65.06377410888672
1759805376.772706,300,-70.13671875
1759805377.0290203,301,-70.37995910644531
1759805379.2124572,302,-69.58940124511719
1759805381.4078844,303,-66.54093933105469
1759805381.9676003,304,-68.05408477783203
1759805382.358711,305,-68.91770935058594
1759805383.486135,306,-70.95990753173828
1759805383.9134574,307,-70.64380645751953
1759805384.4488668,308,-78.6749267578125
1759805385.7555044,309,-83.4336166381836
1759805386.6272388,310,-89.44596862792969
1759805386.9422114,311,-90.09925079345703
1759805387.2901657,312,-90.73011016845703
1759805389.480713,313,-90.71834564208984
1759805390.1967242,314,-91.6265640258789
1759805390.454998,315,-91.9199447631836
1759805392.6459177,316,-91.63215637207031
1759805394.8460677,317,-90.80232238769531
1759805395.138296,318,-91.59256744384766
1759805395.775701,319,-90.77032470703125
1759805396.127421,320,-90.5660629272461
1759805396.3682654,321,-90.89894104003906
1759805397.1936378,322,-95.76460266113281
1759805398.3255177,323,-93.36911010742188
1759805401.487962,324,-97.39956665039062
1759805401.69519,325,-97.93466186523438
1759805402.16371,326,-101.8387451171875
1759805402.877005,327,-104.00972747802734
1759805403.8825598,328,-101.9598388671875
1759805404.7040668,329,-102.44593048095703
1759805406.7032387,330,-104.77849578857422
1759805408.8253531,331,-107.18950653076172
1759805409.0937424,332,-105.66905212402344
1759805409.704214,333,-106.07511138916016
1759805411.0000944,334,-108.69107055664062
1759805413.2308342,335,-108.43734741210938
1759805413.528736,336,-108.72848510742188
1759805414.143447,337,-109.33636474609375
1759805415.731057,338,-107.02812194824219
1759805416.3345692,339,-107.296142578125
1759805416.7136998,340,-106.50289154052734
1759805416.9936018,341,-105.98313903808594
1759805417.2012887,342,-106.46942138671875
1759805417.4643307,343,-106.30206298828125
1759805418.0281508,344,-106.54437255859375
1759805419.128496,345,-111.71833801269531
1759805420.6765785,346,-114.07710266113281
1759805420.965327,347,-113.9847412109375
1759805421.2043483,348,-114.37039947509766
1759805421.6679246,349,-114.41343688964844
1759805423.7653198,350,-112.89418029785156
1759805423.898251,351,-112.88414764404297
1759805424.3359344,352,-113.05693054199219
1759805426.585711,353,-112.55819702148438
1759805428.8333495,354,-110.6539077758789
1759805429.128273,355,-111.60900115966797
1759805429.4440553,356,-111.56888580322266
1759805430.1682084,357,-109.83670806884766
1759805430.405784,358,-109.73506164550781
1759805431.5371368,359,-107.46340942382812
1759805431.8264194,360,-107.75008392333984
1759805432.7188718,361,-101.69183349609375
1759805433.059204,362,-102.1580810546875
1759805435.312365,363,-95.73561096191406
1759805435.5973463,364,-94.87460327148438
1759805435.8368902,365,-94.41377258300781
1759805436.2664623,366,-97.4961166381836
1759805436.9263575,367,-102.37782287597656
1759805438.4911017,368,-100.77506256103516
1759805440.7711167,369,-100.1818618774414
1759805441.0425866,370,-101.34928894042969
1759805443.0725043,371,-94.92578887939453
1759805443.3221486,372,-86.49715423583984
1759805443.568651,373,-85.6511459350586
1759805443.9580462,374,-83.79617309570312
1759805444.226786,375,-82.1104507446289
1759805444.4920456,376,-82.34505462646484
1759805444.7563865,377,-82.29522705078125
1759805446.7850409,378,-81.0331802368164
1759805447.9047878,379,-80.08462524414062
1759805448.1217186,380,-78.29292297363281
1759805448.3244538,381,-78.04654693603516
1759805449.1044931,382,-78.49694061279297
1759805449.321687,383,-79.51690673828125
1759805449.6402574,384,-78.535888671875
1759805449.970143,385,-77.39765167236328
1759805450.1722279,386,-77.3696060180664
1759805450.399842,387,-79.06674194335938
1759805452.4288259,388,-77.45889282226562
1759805452.7826717,389,-77.1732406616211
1759805453.0443895,390,-77.16866302490234
1759805454.2872937,391,-79.85786437988281
1759805455.4025416,392,-83.14324188232422
1759805455.753576,393,-83.9151840209961
1759805456.1610456,394,-80.30392456054688
1759805456.3797615,395,-79.636474609375
1759805457.588864,396,-82.28303527832031
1759805457.8572154,397,-84.1822509765625
1759805458.5463843,398,-81.67616271972656
1759805458.8065794,399,-81.28529357910156
1759805459.093353,400,-76.53733825683594
1759805461.1204824,401,-75.69884490966797
1759805462.1660733,402,-74.06694793701172
1759805462.4268734,403,-75.52112579345703
1759805462.8111513,404,-74.29969024658203
1759805463.0620434,405,-73.89189147949219
1759805463.3183024,406,-72.67433166503906
1759805463.5754378,407,-73.17327117919922
1759805463.8339586,408,-66.46402740478516
1759805465.0058725,409,-58.90583801269531
1759805465.2750227,410,-50.33942794799805
1759805466.004076,411,-51.127296447753906
1759805468.0295534,412,-49.29740524291992
1759805468.3529708,413,-50.211483001708984
1759805469.3595326,414,-47.901729583740234
1759805471.2584596,415,-50.04020309448242
1759805472.4771538,416,-48.175331115722656
1759805472.7157905,417,-49.847076416015625
1759805473.732868,418,-49.93074035644531
1759805473.96432,419,-50.59821319580078
1759805474.6453464,420,-53.98576354980469
1759805475.6730843,421,-57.56046676635742
1759805477.700253,422,-51.70774841308594
1759805479.5009663,423,-51.5028190612793
1759805480.3342624,424,-45.88218688964844
1759805481.6039734,425,-50.3684196472168
1759805482.225352,426,-47.227638244628906
1759805482.5089753,427,-45.70935821533203
1759805482.7545598,428,-47.604286193847656
1759805482.997814,429,-46.67736053466797
1759805483.75001,430,-47.33103561401367
1759805484.001206,431,-44.41313934326172
1759805484.3050177,432,-47.17896270751953
1759805485.5346222,433,-47.952266693115234
1759805485.7995932,434,-44.9378776550293
1759805486.97502,435,-47.44386291503906
1759805487.4079328,436,-44.47785568237305
1759805488.0692046,437,-42.094322204589844
1759805488.338568,438,-43.75031280517578
1759805488.597994,439,-43.52415084838867
1759805489.2180521,440,-48.968902587890625
1759805489.5270116,441,-49.137237548828125
1759805491.1909857,442,-46.74254608154297
1759805492.3827324,443,-47.5214729309082
1759805492.9462333,444,-47.054073333740234
1759805493.70984,445,-40.18080139160156
1759805494.9519534,446,-36.1291389465332
1759805497.0098934,447,-35.441776275634766
1759805497.3131683,448,-35.418453216552734
1759805497.5917265,449,-34.8768424987793
1759805498.0362487,450,-35.81837844848633
1759805499.9943676,451,-35.771968841552734
1759805500.2436576,452,-35.421287536621094
1759805501.1004062,453,-39.833892822265625
1759805502.6229608,454,-38.84340286254883
1759805503.4052582,455,-41.41343307495117
1759805504.4719143,456,-41.70365524291992
1759805504.9518735,457,-45.03252029418945
1759805505.4704087,458,-45.11569595336914
1759805505.9043875,459,-49.02975082397461
1759805506.236612,460,-48.46609115600586
1759805508.2454193,461,-49.74717712402344
1759805508.5897548,462,-49.17539978027344
1759805508.9190776,463,-49.92487335205078
1759805509.901966,464,-50.80760955810547
1759805511.9152792,465,-49.76591110229492
1759805512.3134067,466,-47.02685546875
1759805512.6256745,467,-42.50484848022461
1759805512.9490569,468,-45.83277893066406
1759805513.7809684,469,-47.33773422241211
1759805514.212397,470,-46.2713508605957
1759805514.6233478,471,-46.70008087158203
1759805514.9561346,472,-46.32270812988281
1759805515.3276432,473,-45.94486618041992
1759805515.6049676,474,-45.15732955932617
1759805515.9986613,475,-44.542930603027344
1759805516.6490238,476,-41.1445426940918
1759805517.5444884,477,-38.535675048828125
1759805518.041406,478,-39.911190032958984
1759805519.6597307,479,-39.226165771484375
1759805519.986418,480,-39.40088653564453
1759805521.225784,481,-39.44013595581055
1759805521.7233727,482,-41.652130126953125
1759805523.0311577,483,-38.943546295166016
1759805523.3603568,484,-39.155250549316406
1759805523.8001668,485,-39.08731460571289
1759805524.1590528,486,-38.36142349243164
1759805524.7471774,487,-37.09697341918945
1759805525.9562545,488,-40.573768615722656
1759805526.354225,489,-40.241607666015625
1759805527.247374,490,-37.1934928894043
1759805527.5046887,491,-36.064659118652344
1759805527.8797271,492,-33.39057540893555
1759805528.475442,493,-35.69422912597656
1759805529.0766745,494,-35.45695495605469
1759805529.5109675,495,-35.65481185913086
1759805529.8584025,496,-33.29107666015625
1759805530.1204727,497,-31.946521759033203
1759805530.6851954,498,-33.81249237060547
1759805530.9637783,499,-32.8082160949707
1759805531.4625683,500,-32.007850646972656
1759805532.8125896,501,-36.64244079589844
1759805533.3579557,502,-38.192134857177734
1759805534.0204844,503,-37.5305290222168
1759805534.3486822,504,-36.86891555786133
1759805534.8348434,505,-36.73456573486328
1759805535.2929451,506,-36.172882080078125
1759805535.8876743,507,-35.52871322631836
1759805537.219488,508,-35.954524993896484
1759805537.7279875,509,-38.27156448364258
1759805538.1580508,510,-38.15824890136719
1759805538.7801719,511,-37.801387786865234
1759805539.6393192,512,-36.81077194213867
1759805540.4126441,513,-39.67294692993164
1759805541.6906364,514,-42.185218811035156
1759805543.258966,515,-44.03856658935547
1759805543.8102603,516,-47.4168586730957
1759805544.4693983,517,-47.107784271240234
1759805545.2629275,518,-46.9012565612793
1759805545.7485392,519,-49.06428146362305
1759805546.2912455,520,-46.04768753051758
1759805547.0307436,521,-45.272422790527344
1759805548.3189993,522,-47.50260543823242
1759805549.1185076,523,-54.20295333862305
1759805549.9353755,524,-58.04700469970703
1759805550.2761955,525,-52.29933547973633
1759805550.626836,526,-51.2322998046875
1759805551.2687712,527,-50.562618255615234
1759805551.5952847,528,-50.409080505371094
1759805553.4654446,529,-51.745758056640625
1759805553.7810595,530,-48.310359954833984
1759805554.732363,531,-46.321815490722656
1759805555.5607896,532,-43.4522590637207
1759805556.2166345,533,-42.41728973388672
1759805556.765767,534,-42.298362731933594
1759805557.080683,535,-40.774723052978516
1759805557.3940423,536,-43.344085693359375
1759805558.397985,537,-50.68244934082031
1759805558.7780461,538,-52.5563850402832
1759805559.65925,539,-52.519439697265625
1759805560.2872963,540,-51.68730163574219
1759805560.9969425,541,-51.206336975097656
1759805562.802412,542,-59.91224670410156
1759805563.7028582,543,-60.45759582519531
1759805565.3758152,544,-62.445404052734375
1759805566.7621038,545,-66.92020416259766
1759805567.714169,546,-70.54483795166016
1759805568.8192334,547,-72.62848663330078
1759805569.2983136,548,-73.73601531982422
1759805570.038287,549,-80.2523193359375
1759805570.4735975,550,-80.7213134765625
1759805571.0770516,551,-82.37080383300781
1759805571.6520197,552,-82.84888458251953
1759805572.648477,553,-81.82258605957031
1759805573.376073,554,-87.79462432861328
1759805574.8702946,555,-89.52708435058594
1759805576.121,556,-92.19490051269531
1759805576.6014574,557,-94.08949279785156
1759805577.8298056,558,-97.14289855957031
1759805579.1830287,559,-100.12675476074219
1759805581.6764095,560,-100.73616027832031
1759805582.2662919,561,-102.8592300415039
1759805584.3776762,562,-104.38704681396484
1759805585.5940492,563,-106.32395935058594
1759805587.7084172,564,-105.87044525146484
1759805588.158698,565,-106.64918518066406
1759805588.705371,566,-110.71363067626953
1759805590.5226576,567,-113.97303771972656
1759805591.3590436,568,-116.32292175292969
1759805592.9626172,569,-118.93402862548828
1759805593.3407211,570,-119.57965087890625
1759805595.2524414,571,-123.35175323486328
1759805596.1865165,572,-126.26818084716797
1759805598.3058302,573,-127.19524383544922
1759805600.4217236,574,-128.33120727539062
1759805601.6015413,575,-131.3712921142578
1759805602.7420082,576,-135.46298217773438
1759805604.8617334,577,-138.0711669921875
1759805605.201359,578,-138.75997924804688
1759805606.9988544,579,-144.69500732421875
1759805608.3866246,580,-146.4717559814453
1759805610.5061035,581,-145.93975830078125
1759805612.6203246,582,-142.7685089111328
1759805614.2034187,583,-145.12855529785156
1759805616.313601,584,-146.02371215820312
1759805618.4278164,585,-146.95323181152344
1759805619.5205238,586,-148.4214324951172
1759805621.3857262,587,-149.1822052001953
1759805623.5172048,588,-147.4048309326172
1759805625.7473226,589,-149.83970642089844
1759805627.268863,590,-153.19332885742188
1759805629.1019282,591,-154.9994354248047
1759805631.2792742,592,-156.23353576660156
1759805633.4587953,593,-154.14364624023438
1759805635.6350777,594,-154.69032287597656
1759805637.8134751,595,-156.72608947753906
1759805639.9936237,596,-157.94557189941406
1759805641.6568666,597,-159.66937255859375
1759805642.60576,598,-166.67774963378906
1759805643.6547065,599,-173.31861877441406
1759805644.6373234,600,-174.31167602539062
1759805646.8163054,601,-171.48977661132812
1759805648.944568,602,-175.36277770996094
1759805651.11688,603,-175.5810089111328
1759805653.0865006,604,-178.2744598388672
1759805655.2464914,605,-179.0034942626953
1759805657.414794,606,-178.57669067382812
1759805659.2015247,607,-182.11573791503906
1759805660.1108174,608,-182.66871643066406
1759805662.2594807,609,-185.5090789794922
1759805663.197877,610,-185.9422149658203
1759805665.3619459,611,-185.44125366210938
1759805666.547032,612,-189.14169311523438
1759805667.369322,613,-186.40708923339844
1759805667.9499545,614,-187.52505493164062
1759805668.4764426,615,-183.4987030029297
1759805669.3955488,616,-184.83316040039062
1759805670.4923115,617,-186.7538299560547
1759805672.0935695,618,-187.81784057617188
1759805672.8205879,619,-186.8754119873047
1759805673.3734612,620,-186.51962280273438
1759805674.654041,621,-185.71722412109375
1759805676.4031582,622,-185.95913696289062
1759805679.5552793,623,-178.9910430908203
1759805681.7383733,624,-175.88137817382812
1759805683.9516737,625,-176.3434295654297
1759805684.7633603,626,-178.320556640625
1759805686.5660899,627,-179.02210998535156
1759805688.2438014,628,-180.77911376953125
1759805688.9256425,629,-179.79388427734375
1759805689.6160388,630,-181.6218719482422
1759805691.8245559,631,-184.7381591796875
1759805692.6273894,632,-186.5248565673828
1759805694.1998587,633,-188.75173950195312
1759805694.719874,634,-190.82025146484375
1759805696.7920942,635,-193.1779022216797
1759805697.4555218,636,-196.63259887695312
1759805699.6815028,637,-191.79641723632812
1759805701.8914196,638,-191.3702850341797
1759805704.1007824,639,-192.79339599609375
1759805705.0384212,640,-189.231689453125
1759805706.495523,641,-190.2157745361328
1759805707.193735,642,-185.8809051513672
1759805709.3983831,643,-186.07009887695312
1759805711.6112502,644,-185.1346893310547
1759805712.0503485,645,-183.07936096191406
1759805712.3847296,646,-181.54107666015625
1759805714.3821056,647,-182.6737518310547
1759805715.9997299,648,-183.77525329589844
1759805716.6875367,649,-182.07308959960938
1759805717.4236739,650,-183.43862915039062
1759805718.7627878,651,-182.37451171875
1759805720.972153,652,-182.74107360839844
1759805722.3095396,653,-182.612060546875
1759805724.3340387,654,-181.0391387939453
1759805725.8507817,655,-178.24066162109375
1759805727.8453712,656,-177.89718627929688
1759805729.4224474,657,-178.7963409423828
1759805731.6668608,658,-175.91696166992188
1759805732.3311355,659,-174.7570037841797
1759805733.5312161,660,-175.06858825683594
1759805735.2132273,661,-175.6109161376953
1759805736.4883919,662,-173.5789031982422
1759805737.3194778,663,-176.8195037841797
1759805739.1535316,664,-174.74029541015625
1759805739.6738923,665,-175.3992919921875
1759805740.155422,666,-171.8222198486328
1759805740.4999237,667,-169.16546630859375
1759805742.4533033,668,-167.61024475097656
1759805744.6960223,669,-165.16006469726562
1759805746.937512,670,-165.9677276611328
1759805747.22936,671,-162.41131591796875
1759805748.5682073,672,-161.6816864013672
1759805750.8182757,673,-162.33460998535156
1759805753.0670562,674,-164.02903747558594
1759805754.7237766,675,-163.1090850830078
1759805756.974421,676,-162.90660095214844
1759805759.2095985,677,-164.60501098632812
1759805761.1576414,678,-162.4125518798828
1759805762.8134842,679,-160.89007568359375
1759805764.1427946,680,-160.92115783691406
1759805764.4869506,681,-160.60748291015625
1759805765.2382195,682,-164.20530700683594
1759805766.3692577,683,-164.38816833496094
1759805767.5608044,684,-165.94973754882812
1759805769.6296887,685,-166.12171936035156
1759805770.6811824,686,-166.97059631347656
1759805772.7387044,687,-166.8614501953125
1759805774.7590675,688,-171.12908935546875
1759805776.7681293,689,-170.106689453125
1759805778.780643,690,-169.86509704589844
1759805779.4977288,691,-167.92745971679688
1759805780.2708933,692,-168.87713623046875
1759805782.2859302,693,-169.59852600097656
1759805783.0386214,694,-172.03759765625
1759805784.316608,695,-171.5880126953125
1759805786.3280041,696,-170.9991912841797
1759805787.0067718,697,-171.67323303222656
1759805787.4242263,698,-166.0787353515625
1759805789.2655568,699,-161.85281372070312
1759805789.8071535,700,-161.23190307617188
1759805790.9734032,701,-161.77674865722656
1759805791.2057188,702,-163.07054138183594
1759805792.9946368,703,-165.5531005859375
1759805795.0068252,704,-163.9293975830078
1759805796.0748127,705,-164.67849731445312
1759805796.5971804,706,-167.09658813476562
1759805796.924871,707,-164.85992431640625
1759805798.4911685,708,-165.9769287109375
1759805799.5557387,709,-165.03488159179688
1759805801.1552153,710,-168.4130859375
1759805801.8037436,711,-172.10816955566406
1759805803.0090432,712,-172.00245666503906
1759805804.6130779,713,-173.11143493652344
1759805806.6747925,714,-171.44915771484375
1759805808.3831856,715,-175.75299072265625
1759805809.4114199,716,-176.2212371826172
1759805811.4682384,717,-174.17140197753906
1759805813.5286918,718,-172.34947204589844
1759805815.5889432,719,-171.58364868164062
1759805815.9401648,720,-174.51759338378906
1759805816.788123,721,-174.35682678222656
1759805818.8474402,722,-173.84988403320312
1759805820.9049141,723,-176.3573760986328
1759805821.1531796,724,-178.19349670410156
1759805822.9487548,725,-178.52560424804688
1759805823.898932,726,-177.87294006347656
1759805825.9446619,727,-177.96815490722656
1759805827.991219,728,-177.04544067382812
1759805830.0221982,729,-177.7838592529297
1759805831.5217295,730,-178.161376953125
1759805832.2802863,731,-179.3408203125
1759805834.0279586,732,-183.3297576904297
1759805836.0465183,733,-181.81912231445312
1759805838.0633383,734,-180.69407653808594
1759805840.0763443,735,-178.51388549804688
1759805842.06055,736,-176.4259490966797
1759805843.4980707,737,-179.28492736816406
1759805845.5073621,738,-178.67320251464844
1759805845.932649,739,-178.5201416015625
1759805847.574364,740,-180.3259735107422
1759805849.0136733,741,-178.09976196289062
1759805849.3781755,742,-177.92245483398438
1759805851.3783271,743,-177.46714782714844
1759805852.865508,744,-179.5598602294922
1759805853.3428862,745,-181.9146728515625
1759805854.944032,746,-183.2998809814453
1759805856.9805171,747,-182.20965576171875
1759805859.0281308,748,-181.3676300048828
1759805861.0687768,749,-177.2234344482422
1759805863.117683,750,-176.06802368164062
1759805865.1606672,751,-175.35317993164062
1759805867.2021558,752,-175.2077178955078
1759805869.2423544,753,-173.4282989501953
1759805870.2705083,754,-172.2531280517578
1759805872.3148987,755,-172.81039428710938
1759805874.3534234,756,-170.97035217285156
1759805876.4071236,757,-167.33609008789062
1759805878.4558437,758,-168.0482177734375
1759805878.805302,759,-165.5364990234375
1759805880.854033,760,-165.29403686523438
1759805882.9005086,761,-164.48765563964844
1759805884.9455185,762,-166.35186767578125
1759805886.9954374,763,-162.7792510986328
1759805889.0417597,764,-165.2557830810547
1759805891.0906389,765,-164.9442901611328
1759805892.6808064,766,-166.48663330078125
1759805894.7303798,767,-166.7256622314453
1759805896.7795436,768,-167.96633911132812
1759805896.9477863,769,-169.24386596679688
1759805898.9917748,770,-168.57398986816406
1759805899.798962,771,-169.69882202148438
1759805901.8424754,772,-168.4204559326172
1759805903.8822646,773,-167.9044647216797
1759805904.052831,774,-166.24208068847656
1759805906.0935643,775,-165.3834228515625
1759805906.334096,776,-163.92491149902344
1759805906.5324202,777,-165.35791015625
1759805908.5776553,778,-166.96421813964844
1759805911.1216617,779,-165.85621643066406
1759805912.587394,780,-168.5199432373047
1759805914.6937628,781,-170.52297973632812
1759805916.0777507,782,-169.20925903320312
1759805918.1854327,783,-168.83889770507812
1759805919.5756776,784,-168.487548828125
1759805921.6760623,785,-168.41409301757812
1759805923.7818313,786,-166.63999938964844
1759805925.8978934,787,-166.92581176757812
1759805926.8355856,788,-162.97718811035156
1759805928.9442177,789,-162.26031494140625
1759805931.0528035,790,-161.92295837402344
1759805933.1671038,791,-162.02418518066406
1759805935.2800288,792,-160.29605102539062
1759805937.3943498,793,-159.44366455078125
1759805939.501534,794,-157.2068634033203
1759805941.6127472,795,-156.07713317871094
1759805943.7197719,796,-156.27430725097656
1759805945.836579,797,-154.748779296875
1759805947.9534626,798,-154.25559997558594
1759805950.0407627,799,-152.8102569580078
1759805952.1548429,800,-153.10462951660156
1759805954.2689805,801,-151.9691619873047
1759805956.3835273,802,-147.9357147216797
1759805958.489276,803,-145.8428497314453
1759805960.5908747,804,-146.33570861816406
1759805963.515203,805,-145.45364379882812
1759805965.6936915,806,-143.85281372070312
1759805967.8638122,807,-143.1427764892578
1759805970.0343857,808,-140.70068359375
1759805972.1992705,809,-139.86875915527344
1759805972.5678108,810,-136.10586547851562
1759805974.7331147,811,-132.87725830078125
1759805976.9049914,812,-132.1005859375
1759805979.0795603,813,-130.4681396484375
1759805981.2488348,814,-131.3677520751953
1759805983.4201987,815,-127.1634750366211
1759805985.5943882,816,-124.91024017333984
1759805987.7723372,817,-125.05978393554688
1759805989.951702,818,-125.2693099975586
1759805992.1300695,819,-124.71131134033203
1759805994.3032699,820,-122.26495361328125
1759805996.4760978,821,-120.35790252685547
1759805997.6953826,822,-121.75399780273438
1759805999.8704066,823,-121.9463119506836
1759806001.9708595,824,-122.7984390258789
1759806003.6158373,825,-123.6837158203125
1759806006.810858,826,-124.36837768554688
1759806007.8643012,827,-124.10953521728516
1759806008.5170171,828,-124.09761047363281
1759806010.7093778,829,-124.02549743652344
1759806012.8609502,830,-128.3867645263672
1759806015.082178,831,-127.59274291992188
1759806017.3062332,832,-122.40689086914062
1759806019.5294585,833,-122.43012237548828
1759806020.9905965,834,-122.589599609375
1759806023.2096493,835,-121.75653076171875
1759806024.0945623,836,-121.4217300415039
1759806026.0559025,837,-118.60340118408203
1759806028.2973745,838,-118.48838806152344
1759806030.541866,839,-117.99322509765625
1759806032.7795463,840,-116.60916900634766
1759806033.3846223,841,-118.3038558959961
1759806035.6193244,842,-116.47674560546875
1759806035.9640982,843,-117.81040954589844
1759806038.204283,844,-115.54399108886719
1759806038.813229,845,-115.81538391113281
1759806040.7945824,846,-115.59539031982422
1759806043.033979,847,-115.45381927490234
1759806046.7575173,848,-114.67887878417969
1759806047.6092572,849,-114.61924743652344
1759806049.8682399,850,-114.43202209472656
1759806051.039071,851,-114.05240631103516
1759806052.966061,852,-118.99566650390625
1759806055.2207236,853,-118.85993957519531
1759806056.6477816,854,-118.61943817138672
1759806058.5088422,855,-117.11854553222656
1759806060.7770271,856,-117.19278717041016
1759806062.8182445,857,-119.4505844116211
1759806065.077026,858,-119.2992935180664
1759806067.348578,859,-118.99807739257812
1759806068.211815,860,-121.16468048095703
1759806068.9584694,861,-122.28115844726562
1759806071.1649485,862,-123.11516571044922
1759806073.4265952,863,-122.3093032836914
1759806075.6772268,864,-121.90103912353516
1759806077.928015,865,-122.28301239013672
1759806079.3149173,866,-127.50955963134766
1759806079.9818823,867,-130.1962890625
1759806080.509942,868,-128.22305297851562
1759806081.2624307,869,-132.44248962402344
1759806081.63931,870,-134.50381469726562
1759806083.4808059,871,-134.73788452148438
1759806084.4964674,872,-134.49571228027344
1759806084.6842837,873,-134.45584106445312
1759806084.8711963,874,-137.5847625732422
1759806085.0388737,875,-138.18545532226562
1759806085.3417912,876,-140.09295654296875
1759806086.0676737,877,-139.46377563476562
1759806086.3124192,878,-142.5930938720703
1759806086.430822,879,-143.00457763671875
1759806086.6994343,880,-140.8370361328125
1759806086.8444333,881,-139.9246826171875
1759806086.9611986,882,-136.9672088623047
1759806087.079125,883,-136.85511779785156
1759806087.833172,884,-139.65557861328125
1759806088.0897317,885,-140.76722717285156
1759806088.52029,886,-142.30966186523438
1759806089.5224702,887,-141.89385986328125
1759806090.5220718,888,-141.79595947265625
1759806090.9518392,889,-147.20460510253906
1759806091.2015457,890,-148.27957153320312
1759806091.5706255,891,-150.14488220214844
1759806092.5682762,892,-150.41998291015625
1759806093.3362837,893,-152.9439697265625
1759806094.2468815,894,-156.58946228027344
1759806094.7324867,895,-159.9155731201172
1759806095.1894915,896,-159.40602111816406
1759806095.370244,897,-159.4010009765625
1759806096.3733377,898,-161.2947235107422
1759806097.0278606,899,-162.22056579589844
1759806098.0582364,900,-163.12718200683594
1759806099.0015237,901,-166.96263122558594
1759806099.9999228,902,-167.20169067382812
1759806100.3233778,903,-169.0023193359375
1759806100.4769201,904,-170.17210388183594
1759806100.8756106,905,-172.52120971679688
1759806101.085028,906,-174.17233276367188
1759806101.4870048,907,-176.23741149902344
1759806102.3451335,908,-178.37911987304688
1759806102.6800423,909,-179.63168334960938
1759806102.897304,910,-181.67909240722656
1759806103.1238213,911,-183.4136962890625
1759806103.9559329,912,-185.99044799804688
1759806104.7871103,913,-190.7409210205078
1759806105.0144253,914,-190.2720947265625
1759806105.2368171,915,-191.87112426757812
1759806105.9407868,916,-192.64759826660156
1759806106.0429144,917,-193.66368103027344
1759806106.4682765,918,-197.92298889160156
1759806106.7997735,919,-200.0656280517578
1759806107.799742,920,-200.4702606201172
1759806107.9143739,921,-203.36505126953125
1759806108.9174821,922,-201.42112731933594
1759806109.1061244,923,-204.4772491455078
1759806109.293199,924,-204.98468017578125
1759806110.331982,925,-203.84738159179688
1759806111.0184128,926,-203.0907745361328
1759806111.6191943,927,-206.0841827392578
1759806112.336235,928,-206.8296356201172
1759806112.9091687,929,-207.28187561035156
1759806113.3669217,930,-203.8550567626953
1759806113.54404,931,-205.3741912841797
1759806114.4886146,932,-206.1595001220703
1759806115.2953024,933,-206.4198760986328
1759806115.6422174,934,-206.17369079589844
1759806116.6770263,935,-206.74349975585938
1759806116.923068,936,-207.9978485107422
1759806117.8025951,937,-211.27996826171875
1759806118.835131,938,-211.3602752685547
1759806119.866528,939,-211.362548828125
1759806120.8919132,940,-211.06153869628906
1759806121.1983051,941,-211.542724609375
1759806122.198217,942,-211.8470458984375
1759806123.19448,943,-210.1356964111328
1759806123.6868007,944,-212.26544189453125
1759806124.6800873,945,-210.31947326660156
1759806125.6776006,946,-209.50633239746094
1759806126.0027,947,-209.03269958496094
1759806126.9935503,948,-209.4552764892578
1759806127.9743564,949,-210.4079132080078
1759806128.9713397,950,-210.56680297851562
1759806129.6664422,951,-217.71099853515625
1759806130.5210054,952,-213.12899780273438
1759806130.9728866,953,-216.32533264160156
1759806131.9937832,954,-215.8555145263672
1759806132.7427464,955,-216.59300231933594
1759806133.7167542,956,-219.1570587158203
1759806134.7407634,957,-219.276123046875
1759806135.1744573,958,-219.6604461669922
1759806136.197782,959,-219.3351287841797
1759806137.233842,960,-217.13844299316406
1759806138.2388196,961,-215.72425842285156
1759806139.2281663,962,-214.8820343017578
1759806140.2190645,963,-215.0733642578125
1759806140.5997152,964,-215.3959503173828
1759806141.5944183,965,-215.4195098876953
1759806142.2361052,966,-209.84246826171875
1759806143.2329745,967,-206.9730987548828
1759806144.2211668,968,-205.822998046875
1759806144.804561,969,-201.50465393066406
1759806145.3549964,970,-203.7523956298828
1759806146.351093,971,-203.2008819580078
1759806147.3532486,972,-203.7218017578125
1759806148.3496068,973,-203.89361572265625
1759806149.3445175,974,-200.34490966796875
1759806149.5506754,975,-205.28257751464844
1759806150.5528502,976,-204.53993225097656
1759806151.558189,977,-202.21202087402344
1759806152.5575209,978,-198.9950408935547
1759806153.5630417,979,-198.67820739746094
1759806154.5633516,980,-197.46925354003906
1759806155.5749526,981,-197.4459228515625
1759806156.5731473,982,-197.66928100585938
1759806157.576763,983,-197.73194885253906
1759806158.198812,984,-196.39366149902344
1759806159.1989894,985,-194.955810546875
1759806160.155033,986,-198.71144104003906
1759806161.1612954,987,-198.61830139160156
1759806162.175839,988,-198.0889892578125
1759806163.174761,989,-192.55604553222656
1759806164.170706,990,-190.9646759033203
1759806164.6179364,991,-192.3841552734375
1759806165.6323771,992,-192.01417541503906
1759806166.5472488,993,-190.9384307861328
1759806166.6847367,994,-191.6935272216797
1759806167.6918147,995,-188.14881896972656
1759806168.6893468,996,-189.0284423828125
1759806168.8716738,997,-192.11065673828125
1759806169.4110606,998,-195.927734375
1759806170.419773,999,-194.87098693847656
1759806170.6077688,1000,-195.6612091064453
1759806171.1953182,1001,-193.14869689941406
1759806172.1926477,1002,-192.78024291992188
1759806173.1891694,1003,-191.08238220214844
1759806173.603789,1004,-192.13771057128906
1759806174.2620828,1005,-190.46749877929688
1759806174.4533184,1006,-190.9883575439453
1759806175.4694252,1007,-190.0708770751953
1759806176.4751778,1008,-188.16302490234375
1759806177.4828572,1009,-187.03054809570312
1759806178.1271496,1010,-186.9983673095703
1759806178.6195836,1011,-186.12680053710938
1759806179.622926,1012,-183.54177856445312
1759806179.783543,1013,-182.31459045410156
1759806180.5983713,1014,-185.07257080078125
1759806181.6109552,1015,-183.91453552246094
1759806181.861046,1016,-183.26060485839844
1759806182.0143301,1017,-181.98287963867188
1759806183.0504978,1018,-178.3611297607422
1759806184.0262878,1019,-179.1016845703125
1759806184.4979794,1020,-182.13803100585938
1759806185.5289853,1021,-179.79092407226562
1759806186.5404708,1022,-180.35311889648438
1759806187.0502186,1023,-180.4405975341797
1759806187.667663,1024,-184.71116638183594
1759806188.7047114,1025,-186.31878662109375
1759806189.6438453,1026,-191.69036865234375
1759806190.6833,1027,-189.72332763671875
1759806191.3716936,1028,-192.61781311035156
1759806192.3925226,1029,-192.8866424560547
1759806193.4295826,1030,-190.9879150390625
1759806194.425338,1031,-191.69271850585938
1759806194.549529,1032,-190.6057891845703
1759806195.5738041,1033,-190.50753784179688
1759806196.6098702,1034,-190.7898406982422
1759806197.6454568,1035,-191.77947998046875
1759806198.6798148,1036,-190.81024169921875
1759806199.6588848,1037,-191.13670349121094
1759806200.6803715,1038,-191.50608825683594
1759806201.6884913,1039,-191.7877960205078
1759806202.6953387,1040,-191.99317932128906
1759806203.5858457,1041,-194.5145263671875
1759806204.623089,1042,-194.61782836914062
1759806205.665345,1043,-195.8934326171875
1759806206.69675,1044,-193.90469360351562
1759806207.7374578,1045,-194.2506866455078
1759806208.7828734,1046,-194.4995574951172
1759806209.7875795,1047,-194.82131958007812
1759806210.770309,1048,-197.75848388671875
1759806211.769096,1049,-197.19857788085938
1759806212.1665154,1050,-198.67832946777344
1759806213.1630821,1051,-192.2369842529297
1759806214.172347,1052,-192.34133911132812
1759806215.0460632,1053,-190.85023498535156
1759806216.0641835,1054,-191.5095977783203
1759806217.0648255,1055,-190.81826782226562
1759806218.098262,1056,-188.7205047607422
1759806219.1328435,1057,-186.87786865234375
1759806219.2628338,1058,-186.4240264892578
1759806220.2725523,1059,-187.0122528076172
1759806221.3087437,1060,-187.26344299316406
1759806221.5656793,1061,-189.6964874267578
1759806221.9932377,1062,-193.02096557617188
1759806222.4096308,1063,-195.94696044921875
1759806223.356747,1064,-195.9259796142578
1759806223.4707012,1065,-199.45921325683594
1759806223.9361928,1066,-198.5824737548828
1759806224.6353486,1067,-198.31153869628906
1759806225.2457929,1068,-198.7270050048828
1759806225.39951,1069,-197.26611328125
1759806225.5412612,1070,-192.79306030273438
1759806225.997268,1071,-197.39566040039062
1759806226.6196249,1072,-198.9560089111328
1759806227.263122,1073,-198.5777587890625
1759806227.734612,1074,-200.08741760253906
1759806228.1369884,1075,-196.26849365234375
1759806228.3653977,1076,-195.45286560058594
1759806228.950895,1077,-195.84564208984375
1759806229.897048,1078,-200.52978515625
1759806230.0423172,1079,-200.50535583496094
1759806230.1561956,1080,-200.1224365234375
1759806230.8089101,1081,-200.76441955566406
1759806231.3204374,1082,-202.589111328125
1759806231.4440043,1083,-203.15731811523438
1759806231.5587451,1084,-200.6052703857422
1759806232.118287,1085,-203.7472381591797
1759806232.252411,1086,-201.0712432861328
1759806233.1281533,1087,-201.6453399658203
1759806233.272369,1088,-201.79684448242188
1759806233.9778974,1089,-205.78012084960938
1759806234.2271147,1090,-206.9642791748047
1759806234.3309176,1091,-203.95516967773438
1759806234.4498882,1092,-204.01443481445312
1759806235.0235548,1093,-203.9870147705078
1759806235.6139112,1094,-203.0909881591797
1759806236.0323532,1095,-202.6680450439453
1759806236.3706768,1096,-205.15309143066406
1759806236.8917925,1097,-208.56259155273438
1759806237.1698682,1098,-202.29124450683594
1759806237.5492754,1099,-201.99615478515625
1759806237.8633304,1100,-204.0720977783203
1759806238.8795145,1101,-202.51332092285156
1759806239.44308,1102,-205.49110412597656
1759806239.7716439,1103,-205.28244018554688
1759806240.779323,1104,-202.2748260498047
1759806241.8046567,1105,-206.89988708496094
1759806242.2217777,1106,-208.06790161132812
1759806243.256559,1107,-206.75965881347656
1759806243.3748486,1108,-206.53965759277344
1759806244.1104794,1109,-208.7538604736328
1759806244.745337,1110,-207.6203155517578
1759806245.1030862,1111,-208.91329956054688
1759806245.211123,1112,-208.98179626464844
1759806245.558676,1113,-207.27053833007812
1759806246.5872808,1114,-204.22779846191406
1759806247.0436513,1115,-213.4696807861328
1759806247.517431,1116,-221.1489715576172
1759806248.5276237,1117,-221.5668487548828
1759806249.5391793,1118,-220.8221435546875
1759806250.232172,1119,-224.70440673828125
1759806251.2681983,1120,-221.20945739746094
1759806252.2992084,1121,-220.9384002685547
1759806253.3340013,1122,-220.51344299316406
1759806254.3354535,1123,-217.31362915039062
1759806254.798282,1124,-218.118896484375
1759806255.8098197,1125,-216.63848876953125
1759806256.1027517,1126,-211.0794677734375
1759806257.1084504,1127,-210.46438598632812
1759806258.1233613,1128,-206.99307250976562
1759806259.1172862,1129,-206.23680114746094
1759806260.1078293,1130,-205.85963439941406
1759806260.585573,1131,-206.18008422851562
1759806261.2361019,1132,-208.03648376464844
1759806261.9540808,1133,-208.97988891601562
1759806262.5380697,1134,-212.90460205078125
1759806263.0683064,1135,-213.8494873046875
1759806264.1009598,1136,-213.7367706298828
1759806264.8264327,1137,-211.23167419433594
1759806265.753582,1138,-220.67039489746094
1759806266.6262057,1139,-226.2691192626953
1759806266.9237652,1140,-228.12155151367188
1759806267.377915,1141,-227.60643005371094
1759806267.6815383,1142,-226.4116668701172
1759806268.061648,1143,-225.62661743164062
1759806269.0571244,1144,-226.78195190429688
1759806269.7176,1145,-231.948486328125
1759806270.5795877,1146,-241.19969177246094
1759806271.4402819,1147,-244.23789978027344
1759806271.6816082,1148,-240.72811889648438
1759806272.1250324,1149,-246.6928253173828
1759806272.40537,1150,-250.04147338867188
1759806272.7315197,1151,-252.30963134765625
1759806273.24139,1152,-251.74456787109375
1759806273.793514,1153,-255.9108428955078
1759806274.059687,1154,-254.45721435546875
1759806274.253589,1155,-254.55584716796875
1759806274.9057941,1156,-255.376220703125
1759806275.1553879,1157,-254.69549560546875
1759806275.5287352,1158,-260.33868408203125
1759806275.8553867,1159,-259.5595397949219
1759806276.2045243,1160,-263.4391784667969
1759806276.355073,1161,-263.5576171875
1759806276.5566418,1162,-261.8651428222656
1759806277.1512723,1163,-259.7052307128906
1759806277.4458907,1164,-258.5958557128906
1759806277.9281003,1165,-254.71337890625
1759806278.1988137,1166,-254.07357788085938
1759806278.5922108,1167,-253.73133850097656
1759806278.8609092,1168,-252.5773468017578
1759806279.1327069,1169,-252.1689453125
1759806279.3868644,1170,-254.79074096679688
1759806279.8832352,1171,-253.5150146484375
1759806280.2853458,1172,-251.4770965576172
1759806280.5057626,1173,-250.56668090820312
1759806280.772162,1174,-248.49404907226562
1759806280.9953334,1175,-246.36009216308594
1759806281.5364606,1176,-248.1731719970703
1759806282.3360198,1177,-248.41326904296875
1759806282.6044042,1178,-242.93807983398438
1759806282.7934835,1179,-241.97210693359375
1759806283.2254415,1180,-247.29808044433594
1759806283.7673573,1181,-246.9197540283203
1759806284.0388737,1182,-244.38401794433594
1759806285.045316,1183,-243.92469787597656
1759806285.579247,1184,-244.2727508544922
1759806285.9668827,1185,-241.3251190185547
1759806286.4125116,1186,-246.8444366455078
1759806287.101336,1187,-249.08462524414062
1759806287.2757106,1188,-255.44009399414062
1759806287.6033165,1189,-251.26235961914062
1759806287.999528,1190,-250.2407684326172
1759806288.3632421,1191,-255.7362823486328
1759806288.8683248,1192,-256.3324890136719
1759806289.0433185,1193,-255.1154022216797
1759806289.4455543,1194,-256.20013427734375
1759806289.7060885,1195,-255.9527130126953
1759806290.709402,1196,-254.0425567626953
1759806290.9493496,1197,-247.62991333007812
1759806291.4440682,1198,-248.30599975585938
1759806291.5601861,1199,-248.4583282470703
1759806291.9866168,1200,-247.14642333984375
1759806292.6888473,1201,-261.3651428222656
1759806293.0755644,1202,-265.027099609375
1759806293.7692935,1203,-289.0089111328125
1759806294.398668,1204,-295.5194091796875
1759806295.398498,1205,-290.4891052246094
1759806296.0515027,1206,-294.4969482421875
1759806296.5681372,1207,-302.075439453125
1759806297.3762896,1208,-309.66619873046875
1759806298.3748014,1209,-307.1428527832031
1759806299.3752134,1210,-307.1673278808594
1759806300.3903563,1211,-307.77166748046875
1759806300.88528,1212,-315.65643310546875
1759806301.1697109,1213,-319.3031311035156
1759806302.0840092,1214,-331.3169860839844
1759806302.8428135,1215,-331.4073181152344
1759806302.9861517,1216,-326.4653015136719
1759806303.4398239,1217,-334.0894470214844
1759806304.3195,1218,-337.9507751464844
1759806304.653076,1219,-330.6113586425781
1759806305.1695375,1220,-339.92645263671875
1759806305.6577065,1221,-347.5792541503906
1759806306.2305455,1222,-355.2391052246094
1759806306.3552053,1223,-355.3811950683594
1759806306.6403968,1224,-352.34710693359375
1759806306.8497667,1225,-355.082763671875
1759806307.324536,1226,-360.6552734375
1759806307.960887,1227,-362.22247314453125
1759806308.6635466,1228,-372.8151550292969
1759806309.2296152,1229,-384.0588073730469
1759806310.223829,1230,-383.7651672363281
1759806310.6688685,1231,-386.9960632324219
1759806311.4432874,1232,-394.2449645996094
1759806311.6220582,1233,-394.5328369140625
1759806311.885608,1234,-390.64935302734375
1759806312.215014,1235,-389.46875
1759806312.660866,1236,-395.1748962402344
1759806313.238615,1237,-398.616455078125
1759806313.932783,1238,-394.82171630859375
1759806314.3928168,1239,-397.2657165527344
1759806314.8969345,1240,-400.7893981933594
1759806315.1950097,1241,-405.1204833984375
1759806315.9171383,1242,-409.7915344238281
1759806316.536099,1243,-423.93310546875
1759806316.9476154,1244,-425.05242919921875
1759806317.9652088,1245,-419.3472595214844
1759806318.443376,1246,-415.9732971191406
1759806318.7544527,1247,-417.2035827636719
1759806319.7568686,1248,-417.6512451171875
1759806320.3301146,1249,-414.7781982421875
1759806320.8028681,1250,-418.4283752441406
1759806321.8250217,1251,-415.5191650390625
1759806322.292414,1252,-419.0141296386719
1759806323.2874992,1253,-429.9197998046875
1759806323.7266388,1254,-438.19976806640625
1759806323.893322,1255,-438.8816223144531
1759806324.3067737,1256,-444.94122314453125
1759806324.7426913,1257,-453.11871337890625
1759806325.1434538,1258,-453.77923583984375
1759806326.0201113,1259,-456.6775817871094
1759806326.4839914,1260,-460.6813659667969
1759806326.7363446,1261,-459.6648864746094
1759806327.459958,1262,-463.6706848144531
1759806328.097323,1263,-472.1354064941406
1759806328.5433834,1264,-474.377197265625
1759806328.980241,1265,-480.3619689941406
1759806329.7587109,1266,-483.5936584472656
1759806330.1740727,1267,-491.0313720703125
1759806330.3782752,1268,-492.4583435058594
1759806330.853579,1269,-496.6805419921875
1759806331.0941238,1270,-495.59552001953125
1759806331.5666168,1271,-501.48541259765625
1759806331.8608165,1272,-506.68048095703125
1759806332.0210388,1273,-509.48382568359375
1759806332.2993991,1274,-510.30029296875
1759806332.548779,1275,-509.990478515625
1759806333.5433934,1276,-509.15447998046875
1759806333.9077957,1277,-508.6741638183594
1759806334.2884905,1278,-513.9596557617188
1759806334.6893067,1279,-518.4677734375
1759806335.0398078,1280,-520.728271484375
1759806335.4147012,1281,-521.244384765625
1759806335.8579128,1282,-525.7520751953125
1759806336.1197116,1283,-525.421630859375
1759806336.4177976,1284,-524.6233520507812
1759806336.8680084,1285,-530.9199829101562
1759806337.0076377,1286,-523.0367431640625
1759806337.1752295,1287,-518.9927368164062
1759806337.4160016,1288,-512.6034545898438
1759806337.709711,1289,-516.7658081054688
1759806338.2166386,1290,-523.7485961914062
1759806338.6343715,1291,-524.3919067382812
1759806338.7440133,1292,-524.671875
1759806339.1431265,1293,-525.728271484375
1759806339.9477682,1294,-522.6297607421875
1759806340.2160392,1295,-522.3250122070312
1759806340.365978,1296,-521.2908325195312
1759806340.8763924,1297,-525.0510864257812
1759806340.9667895,1298,-528.1253662109375
1759806341.151364,1299,-529.1636352539062
1759806341.4870121,1300,-528.1036987304688
1759806342.13952,1301,-516.2891845703125
1759806342.2480493,1302,-512.9329833984375
1759806342.3998632,1303,-490.3374328613281
1759806342.5125349,1304,-486.6329650878906
1759806342.8988323,1305,-493.1324768066406
1759806343.451722,1306,-487.6621398925781
1759806343.5954278,1307,-480.3638916015625
1759806343.8662305,1308,-472.51263427734375
1759806344.3114,1309,-472.7097473144531
1759806344.8685706,1310,-480.3654479980469
1759806345.643543,1311,-481.3146057128906
1759806346.1502879,1312,-481.07415771484375
1759806346.665198,1313,-480.12469482421875
1759806346.947973,1314,-468.867431640625
1759806347.4041178,1315,-463.7047119140625
1759806347.9245768,1316,-468.2149658203125
1759806348.669756,1317,-466.1273193359375
1759806348.9030054,1318,-465.8417053222656
1759806349.3412387,1319,-473.84930419921875
1759806349.7550738,1320,-472.0165100097656
1759806350.0065262,1321,-463.841796875
1759806350.28985,1322,-457.1934814453125
1759806350.4840763,1323,-457.57647705078125
1759806350.8866665,1324,-453.8454284667969
1759806351.302324,1325,-459.663818359375
1759806351.6223516,1326,-453.61163330078125
1759806352.0607204,1327,-454.7389831542969
1759806352.562823,1328,-455.77947998046875
1759806352.67828,1329,-446.2199401855469
1759806353.6710424,1330,-446.595703125
1759806353.88071,1331,-440.7195129394531
1759806354.0561733,1332,-432.3703918457031
1759806354.425131,1333,-433.54095458984375
1759806355.3719125,1334,-436.8713684082031
1759806355.5069478,1335,-437.89483642578125
1759806355.9932048,1336,-435.1170654296875
1759806356.395012,1337,-435.9439697265625
1759806356.738576,1338,-432.7155456542969
1759806357.1952903,1339,-428.83636474609375
1759806357.6365623,1340,-423.7335510253906
1759806358.0263338,1341,-418.4613037109375
1759806358.4644034,1342,-421.1262512207031
1759806358.966867,1343,-409.5752258300781
1759806359.662188,1344,-413.0834045410156
1759806360.505236,1345,-417.7298583984375
1759806361.2003133,1346,-419.1301574707031
1759806361.4961395,1347,-420.00091552734375
1759806362.0019166,1348,-421.7925720214844
1759806362.486902,1349,-420.2586975097656
1759806363.0920074,1350,-414.7191467285156
1759806363.904635,1351,-418.070556640625
1759806364.8400662,1352,-417.9718933105469
1759806365.3453841,1353,-404.92730712890625
1759806366.1687763,1354,-398.05584716796875
1759806367.1740916,1355,-396.9122619628906
1759806367.3205035,1356,-392.10260009765625
1759806367.4372957,1357,-384.12908935546875
1759806367.8629274,1358,-383.712890625
1759806368.3182902,1359,-383.79559326171875
1759806369.221218,1360,-379.1961669921875
1759806370.1007738,1361,-380.3559875488281
1759806370.635984,1362,-377.9809875488281
1759806370.8489304,1363,-368.60260009765625
1759806370.9593117,1364,-369.9171142578125
1759806371.083328,1365,-365.4600524902344
1759806372.0847006,1366,-362.8524475097656
1759806372.5425842,1367,-358.9478759765625
1759806372.8570788,1368,-360.3804626464844
1759806373.0744803,1369,-356.9200134277344
1759806373.5176682,1370,-358.8790588378906
1759806374.1019275,1371,-353.37554931640625
1759806374.4440777,1372,-350.5466613769531
1759806374.6880853,1373,-350.03387451171875
1759806375.2127388,1374,-353.2080078125
1759806375.4366748,1375,-354.9070129394531
1759806375.8462481,1376,-357.5162048339844
1759806376.2664108,1377,-361.3982849121094
1759806376.5220172,1378,-357.9957580566406
1759806377.19906,1379,-357.0872802734375
1759806378.0635066,1380,-352.84893798828125
1759806378.5810673,1381,-352.1489562988281
1759806378.9875884,1382,-353.7247009277344
1759806379.3833127,1383,-354.0079040527344
1759806379.7983835,1384,-358.7030334472656
1759806380.476848,1385,-352.66082763671875
1759806381.1611032,1386,-357.13946533203125
1759806381.830218,1387,-362.4419860839844
1759806382.324421,1388,-365.47216796875
1759806382.7557328,1389,-369.0318298339844
1759806383.315963,1390,-364.2528381347656
1759806383.885202,1391,-360.5372009277344
1759806384.5708885,1392,-360.1333312988281
1759806384.9129887,1393,-360.8772888183594
1759806385.7344089,1394,-363.3804626464844
1759806386.038784,1395,-366.10870361328125
1759806386.2435982,1396,-365.9134216308594
1759806386.6627154,1397,-364.1158142089844
1759806387.0221634,1398,-360.5111999511719
1759806388.022691,1399,-367.3088073730469
1759806388.2903135,1400,-365.8526916503906
1759806389.1150446,1401,-364.5219421386719
1759806389.5330465,1402,-363.2979736328125
1759806390.0947192,1403,-362.9942321777344
1759806390.9156308,1404,-363.1029968261719
1759806391.4755068,1405,-358.0447998046875
1759806391.6967275,1406,-357.1436462402344
1759806392.1205237,1407,-357.7392272949219
1759806392.5403218,1408,-360.13250732421875
1759806393.0742373,1409,-362.1348571777344
1759806393.5493963,1410,-356.7770690917969
1759806394.0745354,1411,-352.760498046875
1759806394.4731057,1412,-344.7184143066406
1759806394.9067826,1413,-341.4194030761719
1759806395.4942753,1414,-346.1640319824219
1759806396.2529333,1415,-343.24713134765625
1759806396.4918206,1416,-336.55645751953125
1759806397.1423268,1417,-332.10516357421875
1759806397.9676797,1418,-333.22564697265625
1759806398.7363358,1419,-330.1426086425781
1759806399.2406223,1420,-324.6283264160156
1759806399.9022813,1421,-328.148681640625
1759806400.193412,1422,-327.1273193359375
1759806400.9631522,1423,-329.60076904296875
1759806401.3184152,1424,-330.7594299316406
1759806401.9468043,1425,-325.622314453125
1759806402.7763035,1426,-326.9817199707031
1759806403.0934412,1427,-326.3473205566406
1759806403.476941,1428,-314.5596008300781
1759806403.890153,1429,-312.8280944824219
1759806404.8902702,1430,-312.9628601074219
1759806405.9025111,1431,-312.6139221191406
1759806406.2424543,1432,-312.89349365234375
1759806406.9127913,1433,-310.8900146484375
1759806407.7647943,1434,-312.12567138671875
1759806408.7678993,1435,-310.64239501953125
1759806409.3346338,1436,-313.46484375
1759806409.8617551,1437,-314.0860290527344
1759806410.8686588,1438,-314.25311279296875
1759806411.5079124,1439,-318.7819519042969
1759806412.5153313,1440,-325.3310241699219
1759806412.8738291,1441,-328.7452392578125
1759806413.6367154,1442,-331.2147521972656
1759806414.0329983,1443,-333.3628845214844
1759806415.0295396,1444,-328.2964172363281
1759806416.0378938,1445,-329.606689453125
1759806416.6429086,1446,-327.22540283203125
1759806417.186528,1447,-325.8645324707031
1759806417.782667,1448,-325.5391845703125
1759806418.171339,1449,-326.20361328125
1759806419.1739683,1450,-323.41021728515625
1759806419.595589,1451,-324.40826416015625
1759806420.342366,1452,-321.7959899902344
1759806421.338543,1453,-327.7175598144531
1759806421.7535691,1454,-335.414794921875
1759806422.6649768,1455,-342.08843994140625
1759806423.014277,1456,-339.95269775390625
1759806424.0182707,1457,-339.9332580566406
1759806425.0241582,1458,-334.3872375488281
1759806425.5886993,1459,-335.7137145996094
1759806426.0222895,1460,-332.10870361328125
1759806426.9811814,1461,-330.577880859375
1759806427.2762933,1462,-327.06787109375
1759806427.7870033,1463,-330.54180908203125
1759806428.2966828,1464,-333.027099609375
1759806429.164115,1465,-332.96588134765625
1759806429.7309015,1466,-333.2496643066406
1759806430.683417,1467,-338.21038818359375
1759806431.1617444,1468,-341.2059631347656
1759806431.8123794,1469,-347.52545166015625
1759806432.3023612,1470,-348.8096923828125
1759806433.2855785,1471,-349.85577392578125
1759806433.782359,1472,-347.6636047363281
1759806434.276702,1473,-353.4936218261719
1759806435.1959667,1474,-358.8357238769531
1759806436.1097157,1475,-364.28875732421875
1759806436.8631442,1476,-362.3430480957031
1759806437.539095,1477,-365.5903625488281
1759806438.0003989,1478,-368.4358215332031
1759806438.3460083,1479,-365.8621826171875
1759806438.695655,1480,-362.7872314453125
1759806439.3379638,1481,-366.7339782714844
1759806439.8463955,1482,-358.7474365234375
1759806440.5405474,1483,-361.99993896484375
1759806440.6996562,1484,-357.33270263671875
1759806441.4661465,1485,-364.4524230957031
1759806441.9929554,1486,-364.0881042480469
1759806443.0043821,1487,-359.3584289550781
1759806444.0189836,1488,-359.1292724609375
1759806444.3369,1489,-351.6562805175781
1759806445.3337114,1490,-355.45037841796875
1759806445.9467473,1491,-352.91302490234375
1759806446.9446037,1492,-352.4616394042969
1759806447.3644931,1493,-350.4928283691406
1759806447.8406057,1494,-350.27899169921875
1759806448.8457732,1495,-349.89422607421875
1759806449.8246827,1496,-350.6559753417969
1759806450.2222755,1497,-348.9552001953125
1759806450.7707257,1498,-355.92071533203125
1759806451.524453,1499,-351.85479736328125
1759806452.493766,1500,-353.3516845703125
1759806453.224775,1501,-354.59686279296875
1759806453.550934,1502,-352.4339904785156
1759806454.1979756,1503,-351.8663635253906
1759806454.7787893,1504,-354.3086242675781
1759806455.4304235,1505,-352.9755554199219
1759806456.1083314,1506,-356.59564208984375
1759806456.6446576,1507,-356.1246337890625
1759806457.2870398,1508,-358.1548156738281
1759806458.2882204,1509,-356.012939453125
1759806459.2104964,1510,-356.3789367675781
1759806459.7769897,1511,-360.9752197265625
1759806460.7810686,1512,-364.7524719238281
1759806461.750818,1513,-361.9909362792969
1759806462.4796762,1514,-357.4114074707031
1759806463.327764,1515,-361.7876892089844
1759806463.9428554,1516,-367.5456848144531
1759806464.2070987,1517,-368.468505859375
1759806465.011756,1518,-365.8355407714844
1759806466.0257375,1519,-362.7005310058594
1759806466.6551685,1520,-367.9705505371094
1759806467.2762969,1521,-372.8507080078125
1759806468.2831745,1522,-372.71209716796875
1759806469.2528574,1523,-370.7213439941406
1759806469.354859,1524,-370.2205505371094
1759806469.4376886,1525,-372.63153076171875
1759806470.4366295,1526,-371.74334716796875
1759806471.0699925,1527,-375.1328430175781
1759806471.2396572,1528,-378.4990234375
1759806472.2283335,1529,-379.7518310546875
1759806473.0965476,1530,-387.59344482421875
1759806473.2794778,1531,-387.76043701171875
1759806474.2755258,1532,-389.6380920410156
1759806475.0433412,1533,-386.8978271484375
1759806476.047432,1534,-387.5135192871094
1759806476.4796264,1535,-387.6547546386719
1759806477.484607,1536,-381.4715881347656
1759806477.904446,1537,-379.54522705078125
1759806478.6353188,1538,-380.2445373535156
1759806479.6390984,1539,-370.9061584472656
1759806480.239251,1540,-368.2291259765625
1759806480.6019397,1541,-365.450439453125
1759806480.9154143,1542,-356.2485656738281
1759806481.31782,1543,-348.8229064941406
1759806481.5416932,1544,-349.7344970703125
1759806481.7475774,1545,-345.5974426269531
1759806481.9465346,1546,-343.28082275390625
1759806482.553038,1547,-341.8774108886719
1759806482.9694505,1548,-344.94873046875
1759806483.5230002,1549,-354.7826232910156
1759806483.7663736,1550,-354.322265625
1759806484.3434534,1551,-350.4060974121094
1759806484.7389019,1552,-351.6104736328125
1759806485.678693,1553,-340.8479919433594
1759806486.4616554,1554,-336.15447998046875
1759806487.0569866,1555,-338.285400390625
1759806487.2922757,1556,-343.5332336425781
1759806487.5502365,1557,-350.56231689453125
1759806488.140933,1558,-358.6321716308594
1759806488.3567271,1559,-356.31109619140625
1759806488.7139587,1560,-356.1676025390625
1759806489.1835213,1561,-354.9826354980469
1759806489.5612109,1562,-355.0135803222656
1759806490.589374,1563,-351.09619140625
1759806491.2399328,1564,-351.78167724609375
1759806491.654884,1565,-353.08770751953125
1759806491.9689856,1566,-352.6040344238281
1759806492.614556,1567,-348.6319885253906
1759806493.1526062,1568,-345.652587890625
1759806494.143446,1569,-339.0890808105469
1759806494.655796,1570,-337.2059631347656
1759806494.9464147,1571,-334.2462463378906
1759806495.3581982,1572,-334.7377624511719
1759806496.0636787,1573,-337.55828857421875
1759806497.0743456,1574,-329.29730224609375
1759806497.78068,1575,-323.4305114746094
1759806497.9216435,1576,-324.62353515625
1759806498.4582036,1577,-325.97991943359375
1759806498.9831975,1578,-323.89825439453125
1759806499.580287,1579,-324.10748291015625
1759806499.931395,1580,-325.5999755859375
1759806500.1128924,1581,-321.46429443359375
1759806500.7375047,1582,-324.6316223144531
1759806501.5637238,1583,-323.4720764160156
1759806502.075659,1584,-330.3440856933594
1759806502.7330024,1585,-324.4668273925781
1759806503.4804316,1586,-321.13104248046875
1759806503.8996203,1587,-322.0533142089844
1759806504.6669626,1588,-317.3451843261719
1759806505.1097133,1589,-317.67578125
1759806506.0034015,1590,-315.2861022949219
1759806506.4079642,1591,-316.6431579589844
1759806507.4086394,1592,-316.6708984375
1759806508.4205456,1593,-316.6461181640625
1759806509.4474266,1594,-313.2197570800781
1759806510.4573474,1595,-312.21978759765625
1759806511.2653286,1596,-319.82318115234375
1759806512.274167,1597,-319.8245849609375
1759806513.2909038,1598,-313.0386657714844
1759806514.2102377,1599,-317.2250671386719
1759806515.2183745,1600,-315.9923400878906
1759806516.2174282,1601,-313.68206787109375
1759806517.222223,1602,-317.81756591796875
1759806518.1462536,1603,-321.7666015625
1759806519.1417854,1604,-316.37835693359375
1759806520.1330543,1605,-316.01568603515625
1759806520.9239297,1606,-320.8025817871094
1759806521.5258052,1607,-321.81378173828125
1759806522.531045,1608,-321.8824462890625
1759806523.1594536,1609,-329.7413330078125
1759806524.161051,1610,-326.916259765625
1759806524.9441056,1611,-324.6094970703125
1759806525.9465225,1612,-322.64471435546875
1759806526.9238303,1613,-334.8201904296875
1759806527.7535367,1614,-336.1015319824219
1759806528.7581563,1615,-329.9627990722656
1759806529.6557252,1616,-334.62335205078125
1759806530.6947577,1617,-332.8323059082031
1759806531.440077,1618,-345.1622009277344
1759806532.340226,1619,-348.85443115234375
1759806533.3696585,1620,-341.7196960449219
1759806534.2761874,1621,-342.5773010253906
1759806534.8220751,1622,-357.3676452636719
1759806534.952149,1623,-356.9533386230469
1759806535.612891,1624,-363.0816955566406
1759806536.021134,1625,-361.4361267089844
1759806536.7806785,1626,-372.17413330078125
1759806537.3517847,1627,-371.51556396484375
1759806537.8883972,1628,-381.8818054199219
1759806538.887728,1629,-383.2735290527344
1759806539.7800624,1630,-386.0542297363281
1759806540.5663874,1631,-404.9291687011719
1759806541.564966,1632,-402.3343811035156
1759806542.186872,1633,-404.846435546875
1759806542.334612,1634,-399.5024719238281
1759806542.8715374,1635,-400.2693176269531
1759806543.5430155,1636,-414.1860656738281
1759806544.5363262,1637,-417.92962646484375
1759806545.214535,1638,-415.2120056152344
1759806546.0276248,1639,-422.43023681640625
1759806546.8688831,1640,-418.7188720703125
1759806547.4422705,1641,-417.5711364746094
1759806548.1378362,1642,-424.29852294921875
1759806549.135621,1643,-427.9815368652344
1759806550.1287127,1644,-426.48065185546875
1759806550.7746172,1645,-426.1758728027344
1759806551.7965946,1646,-423.50439453125
1759806552.7907128,1647,-420.91412353515625
1759806553.6440804,1648,-427.6941223144531
1759806554.1084542,1649,-421.8195495605469
1759806554.7317805,1650,-427.83697509765625
1759806555.3571877,1651,-436.8819885253906
1759806556.1831374,1652,-435.89044189453125
1759806556.61647,1653,-445.75634765625
1759806557.6191351,1654,-442.16973876953125
1759806557.886927,1655,-433.0086975097656
1759806558.1815715,1656,-427.4842834472656
1759806559.1893961,1657,-420.57427978515625
1759806560.183009,1658,-411.87109375
1759806561.195963,1659,-413.5679016113281
1759806562.2040284,1660,-414.2052307128906
1759806563.06429,1661,-419.6226501464844
1759806564.0687172,1662,-419.48895263671875
1759806564.527695,1663,-432.7162170410156
1759806565.1242125,1664,-432.1605529785156
1759806565.2146044,1665,-430.61663818359375
1759806565.9092574,1666,-436.4647216796875
1759806566.3499043,1667,-440.0194091796875
1759806567.3616877,1668,-443.2002868652344
1759806567.8185072,1669,-454.0993347167969
1759806568.6725223,1670,-451.79046630859375
1759806569.4895828,1671,-480.6087646484375
1759806569.978581,1672,-490.5694885253906
1759806570.9929082,1673,-480.65118408203125
1759806572.0035791,1674,-480.3853759765625
1759806572.8417852,1675,-481.3468322753906
1759806573.5567243,1676,-479.2474670410156
1759806574.5584137,1677,-470.7463684082031
1759806575.568674,1678,-469.0439758300781
1759806576.5796149,1679,-468.9064025878906
1759806577.4113762,1680,-477.2568664550781
1759806577.6842983,1681,-478.16729736328125
1759806578.6927063,1682,-477.87274169921875
1759806579.285768,1683,-479.4597473144531
1759806579.599154,1684,-476.078369140625
1759806580.6246638,1685,-474.499755859375
1759806581.5301921,1686,-474.1976623535156
1759806581.9350116,1687,-476.1647033691406
1759806582.8283975,1688,-482.3268737792969
1759806583.679579,1689,-486.56329345703125
1759806584.6137638,1690,-483.8017272949219
1759806585.4863534,1691,-482.4482116699219
1759806586.4929354,1692,-482.1457214355469
1759806587.4985027,1693,-484.58172607421875
1759806588.0608761,1694,-487.0662841796875
1759806588.582267,1695,-494.886474609375
1759806589.1328533,1696,-493.4418640136719
1759806589.7972593,1697,-499.99005126953125
1759806590.6111445,1698,-507.8540344238281
1759806591.2790513,1699,-504.8984375
1759806592.013964,1700,-505.4198913574219
1759806593.0565383,1701,-505.5435791015625
1759806593.497428,1702,-502.9963684082031
1759806594.3791234,1703,-499.2863464355469
1759806595.2726636,1704,-501.6080627441406
1759806596.1400056,1705,-502.61083984375
1759806597.0942523,1706,-502.6636047363281
1759806597.5204291,1707,-501.6654052734375
1759806598.331582,1708,-497.83209228515625
1759806598.7621229,1709,-494.3594970703125
1759806599.7670755,1710,-495.377685546875
1759806600.3482983,1711,-493.4859924316406
1759806601.3571482,1712,-491.5538635253906
1759806601.8221438,1713,-489.4727783203125
1759806602.831861,1714,-489.38519287109375
1759806603.448877,1715,-490.7852783203125
1759806603.9224732,1716,-483.8077087402344
1759806604.7381113,1717,-495.9587707519531
1759806605.42371,1718,-488.3442077636719
1759806606.4322522,1719,-483.13214111328125
1759806607.4331543,1720,-483.0426330566406
1759806608.4319036,1721,-474.3294982910156
1759806609.256538,1722,-460.23431396484375
1759806610.2076774,1723,-460.2074890136719
1759806611.217886,1724,-453.5938720703125
1759806612.2194638,1725,-449.298583984375
1759806612.8017113,1726,-439.3050537109375
1759806613.3564808,1727,-431.71551513671875
1759806613.9061341,1728,-428.41107177734375
1759806614.348755,1729,-426.2491455078125
1759806614.7734182,1730,-415.8821105957031
1759806615.3130612,1731,-397.03656005859375
1759806616.3109093,1732,-396.98358154296875
1759806617.3048546,1733,-396.3453063964844
1759806618.3018637,1734,-395.9825744628906
1759806619.2989554,1735,-394.9993591308594
1759806620.3067544,1736,-380.90740966796875
1759806620.7657073,1737,-370.6027526855469
1759806621.771081,1738,-369.52117919921875
1759806622.7971737,1739,-362.6153869628906
1759806623.6330562,1740,-362.6719970703125
1759806624.3250253,1741,-372.13153076171875
1759806625.3453498,1742,-365.8244323730469
1759806625.872731,1743,-365.511474609375
1759806626.880728,1744,-365.0777587890625
1759806627.8895526,1745,-363.5440673828125
1759806628.9051352,1746,-363.03094482421875
1759806629.893666,1747,-363.119140625
1759806630.9009726,1748,-351.32135009765625
1759806631.9075193,1749,-344.6889343261719
1759806632.9125657,1750,-339.1339111328125
1759806633.9168134,1751,-330.1455383300781
1759806634.347357,1752,-332.91241455078125
1759806635.0521035,1753,-334.7528991699219
1759806635.7807357,1754,-337.35723876953125
1759806636.7914512,1755,-338.02508544921875
1759806637.4535675,1756,-344.1290588378906
1759806638.451695,1757,-343.82733154296875
1759806639.4495573,1758,-343.85284423828125
1759806640.459705,1759,-340.40203857421875
1759806640.976963,1760,-341.8400573730469
1759806641.4002192,1761,-336.1766357421875
1759806642.4062219,1762,-336.93377685546875
1759806643.4092066,1763,-324.96624755859375
1759806644.4056473,1764,-319.59844970703125
1759806645.4121075,1765,-318.74151611328125
1759806646.4350362,1766,-313.39593505859375
1759806646.9523964,1767,-308.56109619140625
1759806647.7551532,1768,-309.4272766113281
1759806648.3854556,1769,-298.8419189453125
1759806649.3867826,1770,-298.3242492675781
1759806650.045273,1771,-267.910888671875
1759806650.4877615,1772,-260.4846496582031
1759806650.7827287,1773,-259.8690185546875
1759806651.0717711,1774,-258.8765563964844
1759806652.108027,1775,-260.07220458984375
1759806652.407778,1776,-259.5400390625
1759806653.0921621,1777,-260.6967468261719
1759806654.0948567,1778,-261.0072937011719
1759806655.1356683,1779,-267.7955017089844
1759806656.1734443,1780,-257.8240966796875
1759806657.21314,1781,-256.7453308105469
1759806658.2170713,1782,-256.6617126464844
1759806659.2196527,1783,-252.91183471679688
1759806659.7983403,1784,-249.9583282470703
1759806660.3074048,1785,-255.89698791503906
1759806661.3096557,1786,-255.52474975585938
1759806662.1742253,1787,-253.72108459472656
1759806663.172173,1788,-252.54148864746094
1759806664.1731899,1789,-248.57810974121094
1759806664.7494223,1790,-248.546875
1759806664.8838787,1791,-248.4639892578125
1759806665.3976948,1792,-250.79205322265625
1759806665.5163343,1793,-248.8105010986328
1759806666.5320358,1794,-247.33450317382812
1759806667.5389278,1795,-239.97337341308594
1759806668.541042,1796,-233.30873107910156
1759806669.2593863,1797,-230.7002716064453
1759806669.709387,1798,-232.2095489501953
1759806670.307956,1799,-228.91476440429688
1759806671.3123164,1800,-228.2987823486328
1759806671.965898,1801,-229.69192504882812
1759806672.243328,1802,-227.95411682128906
1759806672.6468718,1803,-228.32296752929688
1759806673.6745393,1804,-226.16380310058594
1759806673.896308,1805,-224.9842529296875
1759806674.9339275,1806,-215.5516357421875
1759806675.2522247,1807,-217.2078857421875
1759806676.259917,1808,-216.2784423828125
1759806676.796142,1809,-217.14112854003906
1759806677.2145083,1810,-223.02899169921875
1759806677.9184494,1811,-225.2484893798828
1759806678.9130144,1812,-228.29165649414062
1759806679.3119614,1813,-220.5113525390625
1759806679.5254328,1814,-218.4418182373047
1759806680.463134,1815,-218.15899658203125
1759806680.9704533,1816,-217.94520568847656
1759806681.983442,1817,-205.36183166503906
1759806682.306429,1818,-198.28131103515625
1759806682.4665864,1819,-197.8105926513672
1759806682.9336421,1820,-207.33526611328125
1759806683.183646,1821,-207.82635498046875
1759806683.4912817,1822,-208.1705780029297
1759806683.8569818,1823,-209.29295349121094
1759806684.860748,1824,-216.58485412597656
1759806685.2185216,1825,-219.91067504882812
1759806685.6062772,1826,-220.5251922607422
1759806685.8944488,1827,-224.1197052001953
1759806686.507723,1828,-214.6330108642578
1759806687.1985147,1829,-216.11219787597656
1759806687.5688798,1830,-220.13365173339844
1759806687.7986925,1831,-219.63092041015625
1759806688.0659525,1832,-219.72581481933594
1759806688.7367113,1833,-226.52703857421875
1759806689.6827734,1834,-238.1347198486328
1759806690.3265452,1835,-240.79110717773438
1759806691.34898,1836,-244.34413146972656
1759806691.702188,1837,-248.56642150878906
1759806692.5721614,1838,-258.2255554199219
1759806692.8574736,1839,-258.630615234375
1759806693.3531098,1840,-258.9277648925781
1759806693.956892,1841,-249.68179321289062
1759806694.0660286,1842,-249.3688507080078
1759806694.905866,1843,-250.3026885986328
1759806695.094651,1844,-250.0160369873047
1759806695.5952034,1845,-254.68338012695312
1759806696.4550006,1846,-257.2958984375
1759806697.1473045,1847,-259.759033203125
1759806697.8444495,1848,-273.7975158691406
1759806698.0061736,1849,-274.26629638671875
1759806698.3456724,1850,-274.6221618652344
1759806698.7104163,1851,-276.1726989746094
1759806699.709068,1852,-272.3145751953125
1759806700.3889256,1853,-263.46435546875
1759806700.5323808,1854,-261.5411376953125
1759806701.5744483,1855,-262.8396301269531
1759806702.0631917,1856,-261.3652648925781
1759806702.3218508,1857,-261.4250793457031
1759806702.7511299,1858,-264.87396240234375
1759806703.786775,1859,-265.49603271484375
1759806704.1310651,1860,-265.99005126953125
1759806704.6267223,1861,-273.5955810546875
1759806705.109944,1862,-273.6533203125
1759806705.6106172,1863,-281.1902160644531
1759806706.263358,1864,-287.15155029296875
1759806706.6740692,1865,-289.60699462890625
1759806706.8585064,1866,-289.65521240234375
1759806707.0735536,1867,-287.47796630859375
1759806707.2783048,1868,-281.7982177734375
1759806707.4662905,1869,-281.6355895996094
1759806707.5993803,1870,-282.41217041015625
1759806707.7883706,1871,-282.0680236816406
1759806708.443233,1872,-280.07763671875
1759806708.6136174,1873,-280.3948669433594
1759806708.7953405,1874,-281.0251159667969
1759806709.378687,1875,-284.0601806640625
1759806709.5670776,1876,-284.3926086425781
1759806709.7518492,1877,-283.34326171875
1759806709.9654906,1878,-282.88763427734375
1759806710.4274652,1879,-277.4759826660156
1759806710.671847,1880,-278.1500244140625
1759806710.8309765,1881,-278.48822021484375
1759806711.196036,1882,-280.55902099609375
1759806712.2079396,1883,-280.5898742675781
1759806713.1538434,1884,-283.9799499511719
1759806713.6107585,1885,-280.62469482421875
1759806713.7839894,1886,-282.12139892578125
1759806714.0998688,1887,-281.9443359375
1759806715.1099365,1888,-279.0654602050781
1759806715.4628584,1889,-281.6552734375
1759806715.7064486,1890,-280.77294921875
1759806715.9735754,1891,-280.810302734375
1759806716.9779358,1892,-279.25762939453125
1759806717.1631737,1893,-278.9595642089844
1759806718.1315472,1894,-279.36859130859375
1759806718.9299526,1895,-280.01593017578125
1759806719.8164015,1896,-281.5460510253906
1759806720.2779732,1897,-278.01971435546875
1759806720.5148096,1898,-270.0958557128906
1759806720.6808884,1899,-268.0928039550781
1759806720.974736,1900,-268.9026184082031
1759806721.3121667,1901,-270.8215026855469
1759806721.7372851,1902,-273.41717529296875
1759806722.072566,1903,-272.5326843261719
1759806722.3998728,1904,-276.72064208984375
1759806722.671252,1905,-279.1382751464844
1759806722.8862896,1906,-278.5668029785156
1759806723.4945912,1907,-284.73309326171875
1759806723.7413585,1908,-285.3492431640625
1759806724.2983947,1909,-280.6592712402344
1759806724.6177754,1910,-275.4380798339844
1759806724.7418215,1911,-272.52374267578125
1759806725.208952,1912,-269.9693298339844
1759806725.32942,1913,-269.2248229980469
1759806725.7251124,1914,-269.68316650390625
1759806726.7414339,1915,-269.6502685546875
1759806726.872878,1916,-265.6535949707031
1759806727.2111902,1917,-266.0429992675781
1759806727.3602526,1918,-266.8771667480469
1759806727.809916,1919,-268.2015380859375
1759806727.9692278,1920,-259.1014404296875
1759806728.2148046,1921,-258.6253662109375
1759806728.3805633,1922,-257.2839660644531
1759806728.8159475,1923,-256.1229553222656
1759806729.1653259,1924,-249.18580627441406
1759806729.2504363,1925,-251.97872924804688
1759806730.2941318,1926,-251.5438232421875
1759806730.4883635,1927,-250.6382598876953
1759806730.6610026,1928,-249.81591796875
1759806731.2123191,1929,-248.1348114013672
1759806731.6974342,1930,-246.52032470703125
1759806731.819295,1931,-246.72613525390625
1759806732.0887086,1932,-246.97833251953125
1759806732.378872,1933,-246.004638671875
1759806732.651333,1934,-234.77804565429688
1759806732.9611285,1935,-234.02304077148438
1759806733.2154148,1936,-230.3900146484375
1759806733.437244,1937,-228.7044677734375
1759806733.537258,1938,-219.1837158203125
1759806733.6345723,1939,-218.9745635986328
1759806733.8420484,1940,-220.13784790039062
1759806734.1305254,1941,-218.56005859375
1759806734.3035882,1942,-218.52362060546875
1759806734.5040336,1943,-216.36294555664062
1759806734.7698848,1944,-216.918701171875
1759806735.4102974,1945,-218.42063903808594
1759806736.1102986,1946,-216.7550811767578
1759806736.683262,1947,-214.6376190185547
1759806736.7841039,1948,-200.89859008789062
1759806737.0742166,1949,-200.80209350585938
1759806737.192649,1950,-200.38226318359375
1759806737.4437892,1951,-197.59088134765625
1759806737.693609,1952,-196.9594268798828
1759806738.3694642,1953,-196.5246124267578
1759806738.629322,1954,-195.47341918945312
1759806738.8348508,1955,-193.45179748535156
1759806738.9777079,1956,-188.8470001220703
1759806739.1069958,1957,-189.08590698242188
1759806739.80467,1958,-186.62713623046875
1759806740.3664348,1959,-186.32620239257812
1759806741.2922199,1960,-185.65530395507812
1759806741.479763,1961,-177.580810546875
1759806741.5958323,1962,-176.85536193847656
1759806741.8817766,1963,-168.5316925048828
1759806742.0528316,1964,-162.7354736328125
1759806742.816745,1965,-160.84619140625
1759806742.9324117,1966,-160.8601837158203
1759806743.1705315,1967,-159.9990692138672
1759806743.4739878,1968,-159.47198486328125
1759806743.7644958,1969,-159.6066131591797
1759806743.9502234,1970,-159.97286987304688
1759806744.0449831,1971,-161.62623596191406
1759806744.325206,1972,-160.4754638671875
1759806744.5895345,1973,-160.4652099609375
1759806745.314956,1974,-158.3072509765625
1759806745.6775835,1975,-151.91461181640625
1759806745.8012383,1976,-152.11105346679688
1759806746.1563365,1977,-153.78590393066406
1759806746.4418278,1978,-153.66555786132812
1759806747.0166159,1979,-152.2126922607422
1759806747.6947613,1980,-151.79470825195312
1759806748.1426063,1981,-154.13429260253906
1759806748.3178062,1982,-151.95823669433594
1759806748.4532177,1983,-152.6086883544922
1759806748.544158,1984,-149.45272827148438
1759806748.6964738,1985,-146.68028259277344
1759806748.8872929,1986,-144.75399780273438
1759806749.0069659,1987,-144.71209716796875
1759806749.1104796,1988,-144.5009002685547
1759806749.510853,1989,-141.157470703125
1759806749.9571733,1990,-138.6875762939453
1759806750.9739058,1991,-138.4976043701172
1759806751.189762,1992,-137.0184326171875
1759806751.39511,1993,-136.43911743164062
1759806751.6648884,1994,-134.427490234375
1759806752.3910074,1995,-133.73851013183594
1759806752.6109478,1996,-132.01417541503906
1759806752.8157818,1997,-131.3355255126953
1759806752.911816,1998,-131.27247619628906
1759806753.0818758,1999,-131.59527587890625
1759806754.0091991,2000,-131.9587860107422
